<annotation>
	<folder>cropped</folder>
	<filename>1.jpg</filename>
	<path>/home/vkchcp0013/data/ssd-own-data-original/kitti-ssd/MyDataset/new-created/just-new/last-tried-forscratch/cropped/1.jpg</path>
	<source>
		<database>Unknown</database>
	</source>
	<size>
		<width>500</width>
		<height>500</height>
		<depth>3</depth>
	</size>
	<segmented>0</segmented>
	<object>
		<name>car</name>
		<pose>Unspecified</pose>
		<truncated>0</truncated>
		<difficult>0</difficult>
		<bndbox>
			<xmin>297</xmin>
			<ymin>275</ymin>
			<xmax>322</xmax>
			<ymax>291</ymax>
		</bndbox>
	</object>
	<object>
		<name>car</name>
		<pose>Unspecified</pose>
		<truncated>0</truncated>
		<difficult>0</difficult>
		<bndbox>
			<xmin>214</xmin>
			<ymin>270</ymin>
			<xmax>248</xmax>
			<ymax>293</ymax>
		</bndbox>
	</object>
	<object>
		<name>car</name>
		<pose>Unspecified</pose>
		<truncated>0</truncated>
		<difficult>0</difficult>
		<bndbox>
			<xmin>336</xmin>
			<ymin>273</ymin>
			<xmax>360</xmax>
			<ymax>290</ymax>
		</bndbox>
	</object>
</annotation>
