<annotation>
	<folder>cropped</folder>
	<filename>3.jpg</filename>
	<path>/home/vkchcp0013/data/ssd-own-data-original/kitti-ssd/MyDataset/new-created/just-new/last-tried-forscratch/cropped/3.jpg</path>
	<source>
		<database>Unknown</database>
	</source>
	<size>
		<width>500</width>
		<height>500</height>
		<depth>3</depth>
	</size>
	<segmented>0</segmented>
	<object>
		<name>car</name>
		<pose>Unspecified</pose>
		<truncated>0</truncated>
		<difficult>0</difficult>
		<bndbox>
			<xmin>126</xmin>
			<ymin>261</ymin>
			<xmax>216</xmax>
			<ymax>323</ymax>
		</bndbox>
	</object>
	<object>
		<name>car</name>
		<pose>Unspecified</pose>
		<truncated>1</truncated>
		<difficult>0</difficult>
		<bndbox>
			<xmin>1</xmin>
			<ymin>266</ymin>
			<xmax>68</xmax>
			<ymax>317</ymax>
		</bndbox>
	</object>
</annotation>
